SUBDIVISION,YEAR,JAN,FEB,MAR,APR,MAY,JUN,JUL,AUG,SEP,OCT,NOV,DEC,ANNUAL,JF,MAM,JJAS,OND
Gujarat Region,1901,4.2,0,0.6,1.6,7,60.3,240.2,205.4,18.1,16.6,0,0.3,554.3,4.2,9.2,524,17
Gujarat Region,1902,3.9,0,0,0.6,1,32.8,229.8,299,281.2,2.3,1.5,11.9,863.9,3.9,1.5,842.8,15.7
Gujarat Region,1903,0.3,0.1,1.4,0,12.3,30.1,452.9,202,183.2,5.4,0,0,887.6,0.3,13.6,868.2,5.4
Gujarat Region,1904,0.8,10.6,16.8,0.2,3.9,48.3,194.8,71.8,138,6.1,0.1,1.2,492.6,11.3,20.9,453,7.4
Gujarat Region,1905,0.1,0.7,1.1,0.3,0,20.1,668.3,37.9,81.3,1.4,0.2,0.1,811.5,0.8,1.3,807.6,1.7
Gujarat Region,1906,0,12.7,0,0,0.1,177.5,311.5,247.1,134.8,5.9,0,0.9,890.6,12.7,0.2,870.9,6.8
Gujarat Region,1907,0.3,14.6,0.2,2.1,0.4,72.4,325,564.4,17.5,0,0,0,997,15,2.7,979.3,0
Gujarat Region,1908,5.2,0.3,0.2,0,0.1,67.5,562.1,366,25.1,1,0,0,1027.5,5.5,0.3,1020.7,1
Gujarat Region,1909,0.1,0.5,0.1,5.5,2.6,160.5,415.6,242.6,143.3,1.5,0,5.5,977.8,0.6,8.2,962,7
Gujarat Region,1910,0.6,0,0,0.1,0,262.6,290.2,338.5,44.7,23.1,14.8,0,974.6,0.6,0.1,936,37.9
Gujarat Region,1911,3.5,0,18.9,0,0.9,158,66.7,93.4,57.7,0.5,3.8,0.1,403.5,3.5,19.8,375.8,4.4
Gujarat Region,1912,0.1,0,0,0.2,0.6,105.1,624.9,291.1,38.9,13.6,44.1,0,1118.5,0.1,0.8,1060,57.7
Gujarat Region,1913,0,0,0.1,0,13.5,364.5,423.2,213.8,146,1.1,0.1,0.3,1162.6,0,13.7,1147.5,1.4
Gujarat Region,1914,0,3.7,0,0.2,5.4,222.3,488.8,137.7,234.9,8.5,6,0,1107.5,3.7,5.6,1083.7,14.4
Gujarat Region,1915,7.5,1.9,12.1,1.6,2.3,128.7,128.9,116.3,52.7,112.3,2.8,0.2,567.3,9.4,16,426.6,115.3
Gujarat Region,1916,0,0,0.2,0.1,8.7,126.7,168.3,418.9,193.6,32.4,4,0,952.9,0,9,907.5,36.4
Gujarat Region,1917,0.4,7.4,0,5.3,98.3,126.8,320.1,379.2,353.7,233.7,0,0,1524.9,7.8,103.6,1179.8,233.7
Gujarat Region,1918,0.4,0,0.2,0,12.1,37.8,110.5,213.4,17.6,0.2,0.5,0,392.6,0.4,12.3,379.3,0.7
Gujarat Region,1919,6.1,0.1,0,1.3,2.1,110,335.9,481.2,78.1,33,19.6,0,1067.4,6.2,3.5,1005.2,52.6
Gujarat Region,1920,44.1,1.8,0,0.2,63.2,189.3,268.1,110.4,31.7,0,0,0,708.9,45.9,63.4,599.5,0
Gujarat Region,1921,0.8,0,0,0,0,31.1,529.7,205.4,405.1,0.4,0,0.2,1172.8,0.8,0,1171.3,0.6
Gujarat Region,1922,2.1,0,0,0,0,130.8,314.8,106.8,314.3,5,4.1,0.7,878.7,2.1,0,866.8,9.8
Gujarat Region,1923,0,5.2,1.5,4,4.6,2.6,295,157.5,81.9,0.9,0,0,553.2,5.2,10.1,537,1
Gujarat Region,1924,1.4,0,0.4,0,5.5,117.3,297.3,267,198.7,21,0,1,909.6,1.4,6,880.3,22
Gujarat Region,1925,0,0,0.1,0,25.8,264.6,199.3,81.8,14.2,0.4,6.6,0.2,593.1,0,26,559.9,7.2
Gujarat Region,1926,6.5,0,0.9,2,8.5,20.1,406.1,471,359.1,0.1,0.1,0,1274.5,6.5,11.5,1256.4,0.2
Gujarat Region,1927,0,4.9,0,0.2,1.9,139.4,903.3,199.2,113.9,26.2,18.3,14.8,1422.1,4.9,2.1,1355.8,59.3
Gujarat Region,1928,0,0.2,0,0,0,51.5,372.7,220.5,138.3,19.6,16.4,1.8,821,0.2,0,783,37.8
Gujarat Region,1929,1.9,0,0,5.5,0.9,123.6,353.7,150.7,20.6,7.2,0.6,11.6,676.3,1.9,6.4,648.6,19.4
Gujarat Region,1930,2,0.2,0.2,0.1,1.1,160.2,426,152.9,102.8,48.2,0,0.9,894.7,2.2,1.5,841.9,49.1
Gujarat Region,1931,0,0.1,0,0,1.7,18.4,332.5,546.3,86.4,113.6,4.2,1.3,1104.6,0.1,1.7,983.7,119.1
Gujarat Region,1932,0,0,0.8,0.4,0.4,57.9,540,146.6,129.2,30.1,0.9,0.3,906.6,0,1.6,873.7,31.3
Gujarat Region,1933,0,3.4,0.7,3.5,44.3,118.3,241.3,473.6,227.5,15.1,1.4,7.9,1137.1,3.4,48.6,1060.6,24.4
Gujarat Region,1934,0.1,0,0.7,0.3,0,219.7,266.1,392.9,81.2,0.9,17.6,0,979.6,0.1,1.1,959.9,18.5
Gujarat Region,1935,7.3,0,0,1.6,0.4,82.4,356,107.1,187.6,14.2,0.1,0.3,756.9,7.3,1.9,733.1,14.6
Gujarat Region,1936,0,1.8,1.3,0,0.8,189.4,133.4,52.9,175.8,1.3,52.5,0,609.3,1.8,2.1,551.5,53.9
Gujarat Region,1937,0,4,0.2,0.1,0,260.6,577.8,32,320.1,3.3,0.1,4.8,1203.1,4,0.3,1190.6,8.2
Gujarat Region,1938,0,0.1,0,0,15.8,265,342.6,134.6,26.3,30.3,0,0,814.9,0.1,15.8,768.6,30.4
Gujarat Region,1939,0,1.1,3.1,0,0,30.3,210.3,265.3,91.6,1.3,2.4,0.2,605.6,1.1,3.1,597.5,3.9
Gujarat Region,1940,11.3,4.4,10.1,2,1.5,152.6,208.3,241.8,119.8,91.5,26.7,0,870.1,15.7,13.5,722.6,118.2
Gujarat Region,1941,1,12.5,0.1,0.7,0.9,42.5,671.9,187.7,40.7,3.3,0,0.4,961.8,13.5,1.8,942.9,3.7
Gujarat Region,1942,2,13.7,0,0,9,130.1,501.1,367.8,162.6,0,0,0.3,1186.8,15.8,9,1161.6,0.4
Gujarat Region,1943,0.1,0,0,0.6,19,132.8,484.2,80.9,152.2,42.6,0.4,0,912.8,0.1,19.5,850.1,43
Gujarat Region,1944,2.9,0,5.1,2.3,2.3,110.1,625.9,502.7,72.2,16.9,0,0,1340.6,2.9,9.8,1310.9,17
Gujarat Region,1945,7,0,0,1.9,0.7,160.9,518.8,245.3,339.5,2.7,0,0,1277,7,2.6,1264.6,2.7
Gujarat Region,1946,0,2.1,0,1.1,4.2,233.3,291.7,469.6,104.6,1.1,34.4,5.5,1147.7,2.1,5.3,1099.3,41
Gujarat Region,1947,0.4,0,0,40.4,0,5.4,216.7,257.1,252.7,8.3,2.3,0,783.4,0.4,40.4,731.9,10.7
Gujarat Region,1948,11.7,0.4,0,0,0.7,65.5,185.9,115.9,49.8,18.2,25.1,0.6,473.9,12.1,0.7,417.2,43.9
Gujarat Region,1949,0,0.1,0,0,2.5,35.2,290,205.5,241.1,23.5,2.5,0,800.3,0.1,2.5,771.8,25.9
Gujarat Region,1950,0,0,0,0,0.1,11.7,730.7,76.9,306.6,3.3,0,0,1129.3,0,0.1,1125.9,3.3
Gujarat Region,1951,0,0,0.4,0.3,2.1,65.6,218.6,162.6,7.3,13.9,7.3,0.3,478.3,0,2.7,454.1,21.5
Gujarat Region,1952,0,0,0,0,0.2,138.7,487.7,136.4,11.6,1.8,0,0,776.6,0,0.3,774.5,1.8
Gujarat Region,1953,12.6,0,0,0.1,0.3,143.6,240,552.9,104.5,1,0,0.4,1055.5,12.6,0.4,1041,1.4
Gujarat Region,1954,0.1,2,5.5,0,0.2,114.3,355,214.1,522,32,0.1,2.6,1248,2.2,5.7,1205.5,34.7
Gujarat Region,1955,0.3,0.1,0.1,0.7,3.1,104.9,109.9,393.5,311.4,51.4,0.1,0,975.7,0.4,4,919.8,51.5
Gujarat Region,1956,0,0.1,0,0.1,26.5,102.9,661.3,329.8,135,107.4,2.2,1.4,1366.6,0.1,26.6,1229,110.9
Gujarat Region,1957,2.3,0,0.2,0,5.7,151.8,257.1,198.7,16.1,7.5,8.2,0.2,647.8,2.3,6,623.6,15.9
Gujarat Region,1958,1,0,0.3,1.1,0.7,103.4,336.8,287.1,335.9,46.9,10,0.1,1123.1,1,2,1063.2,56.9
Gujarat Region,1959,0,0,0,2.8,1.4,98,632.6,321.8,377.6,121.7,4.7,0,1560.7,0,4.2,1430.1,126.4
Gujarat Region,1960,1.6,0,0.2,0,8,131.4,218.3,210.6,73.1,6.3,0,0.1,649.6,1.6,8.2,633.3,6.5
Gujarat Region,1961,0,0.6,0,0,0.6,90.2,365.1,174.6,297.7,16.1,0.1,0,945.1,0.6,0.6,927.6,16.2
Gujarat Region,1962,0,0,1.4,1.3,2.3,49.3,298.8,181,227.1,0,8.9,2.9,773,0,5,756.2,11.8
Gujarat Region,1963,1.4,0,0.9,0.3,0.3,65.4,291.4,350.9,227.6,26,33.1,0.4,997.9,1.4,1.6,935.3,59.5
Gujarat Region,1964,0.1,0,0,0,4,106.2,371,296.3,114.6,0.5,0,0,892.7,0.1,4,888.1,0.5
Gujarat Region,1965,7.4,0,0.6,0.4,1.3,11.2,442.4,165.9,24.1,1,2.4,0.1,656.7,7.4,2.2,643.6,3.5
Gujarat Region,1966,0.2,0,0,0,0.5,123.1,316.4,71.2,183.9,0.8,0.3,0.1,696.7,0.2,0.6,694.6,1.2
Gujarat Region,1967,0,0,42.1,0.4,0.2,132.7,413.2,204.1,123.8,1,0,21.1,938.7,0,42.7,873.8,22.1
Gujarat Region,1968,0.1,0.3,1.2,0,0.1,33.8,279.1,297.1,45.8,10.3,0.1,0,668,0.4,1.4,655.9,10.3
Gujarat Region,1969,0,0.2,0,0,0,100.5,331.3,154.6,191.9,0,7.2,3.2,789,0.3,0,778.3,10.4
Gujarat Region,1970,0.2,1,0.1,0.1,5.3,262.6,261.2,495.8,321.8,5.8,0,0,1353.8,1.1,5.4,1341.4,5.8
Gujarat Region,1971,0,0.1,0,0.3,5,176.2,253.6,194.1,134.9,5,0,0,769.2,0.1,5.3,758.8,5
Gujarat Region,1972,0.1,2,0,0,1.8,87.8,208.4,180.4,23,0.2,0,0,503.8,2,1.9,499.7,0.2
Gujarat Region,1973,0.2,0.7,0.1,0,1.3,97.3,301.4,364.5,387,7.1,0,0.1,1159.6,0.9,1.4,1150.2,7.1
Gujarat Region,1974,0,0,0,0.6,51.3,22.1,135.5,103,68.7,38.6,0,1.5,421.3,0,51.9,329.3,40.1
Gujarat Region,1975,0,0,0.7,0,0.1,156,219.5,449.6,318.5,48.2,0,0,1192.7,0,0.9,1143.6,48.2
Gujarat Region,1976,3.2,0,0,0,0.2,342.5,584.4,482.4,149.5,0.2,57.7,0,1620.1,3.2,0.2,1558.8,57.9
Gujarat Region,1977,3.9,0.1,0.2,0.1,15.4,310.2,565.2,242.9,160,0.7,8.9,0,1307.7,4,15.8,1278.3,9.6
Gujarat Region,1978,0,1.1,0,2,0.3,155.5,280.7,405.7,52.3,6.1,26.2,5.9,935.8,1.1,2.3,894.2,38.2
Gujarat Region,1979,1,4.6,0,0,0.3,132.3,174.2,441.3,46.3,11.5,92.8,0.1,904.5,5.6,0.4,794.1,104.3
Gujarat Region,1980,0.1,0,0,0,0.1,261.3,268.7,249.1,24,0.8,0.4,17.6,822,0.1,0.1,803.1,18.7
Gujarat Region,1981,1.3,0,0.7,0.1,0.3,111.3,414.3,377,137.9,40.8,30.5,0,1114.2,1.3,1,1040.6,71.4
Gujarat Region,1982,0.4,0.1,0.1,2.6,45.8,39.6,274.4,266.3,25.8,6.5,96.6,0,758.3,0.5,48.5,606.2,103.1
Gujarat Region,1983,0.1,0,0,8,1.3,129.3,408.8,405.9,180.8,79.8,0,0,1213.9,0.1,9.4,1124.7,79.8
Gujarat Region,1984,0,0,0,0,0,85.2,250.5,421.4,89.2,5.7,1.7,0,853.6,0,0,846.3,7.3
Gujarat Region,1985,0,0,0,0.8,2.1,14.7,247.2,182.5,18.1,124,0,0.3,589.7,0,2.9,462.4,124.3
Gujarat Region,1986,0,0,0.1,0,2,180.1,161.8,149.4,5.9,1.5,1.1,0,501.8,0,2.1,497.1,2.6
Gujarat Region,1987,0.4,0.5,0,0,0.3,69.6,119.4,180.6,5.7,3.4,11.2,10.7,401.9,0.9,0.4,375.2,25.4
Gujarat Region,1988,0,0,0,2.5,0,74.7,573.1,245.5,190.4,11.2,0,0,1097.4,0,2.5,1083.7,11.2
Gujarat Region,1989,1.3,0,0,0,0.1,112.5,351.2,298.3,58,1.5,0,0,822.8,1.3,0.1,819.9,1.5
Gujarat Region,1990,0,3.3,0.2,0,32.9,79,221.6,530.5,226.2,16,4.8,3.8,1118.4,3.3,33.2,1057.3,24.6
Gujarat Region,1991,0,0,0,0,0,55.6,440.8,133.8,41.8,0,0.7,0,672.7,0,0,672,0.7
Gujarat Region,1992,0.8,0,0,0,0.9,132.8,256.3,244.4,244.1,19.2,2.5,0,901.1,0.8,0.9,877.7,21.7
Gujarat Region,1993,0,1.7,0.1,0,0,133.2,557.4,69.5,147.8,30.1,1.5,0,941.4,1.7,0.1,908,31.7
Gujarat Region,1994,7.2,0,0,0.1,0,320.7,490.6,370.1,343.7,2,0.1,0,1534.5,7.2,0.2,1525.1,2.1
Gujarat Region,1995,2.2,0,0.2,0,0,8.5,451,127.4,71,22.9,0.3,0.7,684.3,2.2,0.3,657.9,23.9
Gujarat Region,1996,1,0,0,0,0,123.9,374.6,228.5,151.3,23.3,0.1,0,902.8,1,0,878.3,23.4
Gujarat Region,1997,0.7,0,0.2,3.3,3.6,355.3,241.9,358,96.1,8.1,0.9,0.9,1068.9,0.7,7.1,1051.3,9.8
Gujarat Region,1998,0,0.1,0,0,0,111.5,312.2,196.1,346.9,98.8,4.4,0,1070,0.1,0,966.7,103.2
Gujarat Region,1999,0,2,0,0,7.4,158,219.4,55.1,57.2,69.5,0,0,568.4,2,7.4,489.6,69.5
Gujarat Region,2000,0,0.1,0,0,36.1,62.9,301.1,133,13.5,0.2,0,3.6,550.6,0.1,36.1,510.6,3.9
Gujarat Region,2001,6.1,0,0,0.2,2.1,216.9,320,256.8,17.8,28.9,0.2,0,849,6.1,2.3,811.5,29
Gujarat Region,2002,4.1,0,0.1,0,0,234.2,45.8,238.5,113.7,0.6,0.1,0.1,637.2,4.1,0.1,632.2,0.8
Gujarat Region,2003,0,6.1,0.1,0,0,209.3,518.7,314.6,109.5,1.9,0,0,1160.3,6.1,0.1,1152.2,1.9
Gujarat Region,2004,0,0,0,0,4.4,135.5,238.2,553.7,51.8,22.2,0,0,1005.8,0,4.4,979.1,22.3
Gujarat Region,2005,0,0,0,0,0.3,367.3,378.7,229.4,339.2,1.4,0,0,1316.4,0,0.3,1314.7,1.4
Gujarat Region,2006,0,0,0.8,0,0.2,123.5,576,624.8,140.6,9.2,2.9,0,1478,0,1.1,1464.9,12.1
Gujarat Region,2007,0.1,0.4,0,0,0.3,94,567.8,345.6,169.4,0,1.4,0,1178.9,0.5,0.3,1176.7,1.4
Gujarat Region,2008,0,0,0,3.1,0.1,58.2,261.9,369.5,204.3,11.6,0.1,2.3,911.1,0,3.3,893.9,14
Gujarat Region,2009,0,0,0.3,0,0,17,390.3,143.5,54.9,27.4,8.1,0,641.6,0,0.3,605.7,35.5
Gujarat Region,2010,0.2,0,0,0,0,59.3,328.2,431,216.6,12.2,41,0.2,1088.7,0.2,0,1035,53.4
Gujarat Region,2011,0,0.2,0,0,0,16.3,259.2,451.7,162.5,0.4,0,0,890.5,0.2,0,889.8,0.4
Gujarat Region,2012,0.1,0,0,0,0,34.4,178.2,230.3,263.8,7.1,0,0,714,0.1,0,706.7,7.1
Gujarat Region,2013,0,0.9,0.1,4.6,0,155.7,405.4,211.1,287.3,53.2,0.1,0,1118.6,0.9,4.7,1059.6,53.3
Gujarat Region,2014,5.7,0.1,0.2,1,1.3,11.6,307.5,138.6,235.1,3.3,1.3,0,705.7,5.8,2.5,692.8,4.6
Gujarat Region,2015,1.8,0,6.1,5.5,0.9,120.7,354.7,37.4,93.4,2.2,0.3,0,622.9,1.8,12.5,606.1,2.6
Gujarat Region,2016,0,0,0.6,0,0.4,31.8,255.8,303.9,105.3,66.9,0,0,764.9,0,1,696.9,66.9
Gujarat Region,2017,0,0,0,0,0.2,137.7,613.1,179.7,67.2,15.5,0,11,1024.4,0,0.2,997.7,26.6
Saurashtra & Kutch,1901,1.9,0,0.1,0.2,3.2,9.1,87.8,62.5,12,3.8,0,0.7,181.3,1.9,3.5,171.4,4.4
Saurashtra & Kutch,1902,0.1,0,0,0.5,1.1,14.4,92.9,160,123.9,1.5,0.1,6.5,401.1,0.1,1.6,391.2,8.2
Saurashtra & Kutch,1903,0.5,0,1.7,0,3.1,10.5,337.9,96.1,61.9,11.1,0,0,522.8,0.5,4.8,506.4,11.1
Saurashtra & Kutch,1904,1.4,5.8,17.5,0,0,9.5,111.2,9.4,28.9,0.3,1.7,0,185.6,7.1,17.5,159,2
Saurashtra & Kutch,1905,1.5,1,0.6,0.4,0,6.4,254.5,12.3,12.8,0.4,0,0,290,2.5,1,286,0.5
Saurashtra & Kutch,1906,0.9,28.2,0,0,0,126,161,152.2,56.6,14.9,0,0.6,540.3,29.1,0,495.7,15.5
Saurashtra & Kutch,1907,0,19.7,0,2.3,0.4,69,201.1,213.7,3.3,0,0,0,509.6,19.8,2.7,487.1,0
Saurashtra & Kutch,1908,3.6,0,0,0,0,30.2,284.8,198.8,10.4,0.1,0,0,527.9,3.6,0,524.3,0.1
Saurashtra & Kutch,1909,0.2,3.5,0,3.6,1,99.6,247.5,64.8,157.2,2.3,0,6.7,586.4,3.7,4.5,569.2,9
Saurashtra & Kutch,1910,0.3,0,0,0.4,0.5,163.8,162.1,194.2,24.7,3.6,0.2,0,549.7,0.3,0.8,544.8,3.8
Saurashtra & Kutch,1911,1.5,0,35.5,0,0.5,42.1,12.6,27.4,19.9,0.2,0.2,0.4,140.4,1.5,36.1,102,0.8
Saurashtra & Kutch,1912,0,0,0.7,0.5,0.3,62.6,428.7,133.5,20.2,2.7,3.4,0,652.6,0,1.5,645,6
Saurashtra & Kutch,1913,0,0,0.1,0,0.7,213.1,352.8,122.6,61.9,0.5,0,0.1,751.9,0,0.9,750.3,0.6
Saurashtra & Kutch,1914,0,9.8,0.4,0,4.9,161.3,118.1,36.5,238,4.2,4.1,0,577.1,9.8,5.2,553.9,8.3
Saurashtra & Kutch,1915,1.3,1.3,7.9,7.2,1.3,34.9,99.3,12.3,29.5,50.6,0,0.2,245.8,2.6,16.4,176,50.8
Saurashtra & Kutch,1916,0,0,0,0,2.7,21,105.7,238.9,98.3,29.3,0,0,495.9,0,2.7,463.9,29.3
Saurashtra & Kutch,1917,3.4,0.2,0,1.5,57,81.4,215.2,209.9,109.6,208.5,0,0,886.7,3.7,58.5,616.1,208.5
Saurashtra & Kutch,1918,0,0,0.6,0.6,3.8,9.9,45,49,8.6,0.2,0,0,117.6,0,5,112.4,0.2
Saurashtra & Kutch,1919,7.5,0,0,1.1,0.9,24.9,170.4,179.6,31.2,18.2,11.3,0,445.1,7.5,2,406,29.6
Saurashtra & Kutch,1920,12.5,4.5,0.3,0.2,20.7,237.7,145.2,52.4,16.5,0,0,0,490.1,17,21.2,451.8,0
Saurashtra & Kutch,1921,0,0,0,0,0,8.6,317.4,79.1,190,2.7,0,0.2,598.1,0,0,595.2,2.9
Saurashtra & Kutch,1922,0,0,0,1,0.1,40.7,127.4,31.5,130.6,1.1,0,2.3,334.9,0,1.1,330.3,3.5
Saurashtra & Kutch,1923,0,11.4,0,0.5,2.7,2,103.7,69.8,14,0.8,0,0,205,11.4,3.2,189.5,0.8
Saurashtra & Kutch,1924,0,0.1,0.1,0,6.7,41,121.3,78.6,62.1,0.3,0,0.4,310.7,0.1,6.8,303.1,0.7
Saurashtra & Kutch,1925,0,0,0,0,11.7,200.5,79.9,29.2,7.6,0,11.8,0,340.6,0,11.7,317.1,11.8
Saurashtra & Kutch,1926,6,0,0.3,2.2,22.1,9.9,250.4,212.3,396.6,1.7,0,0,901.4,6,24.5,869.2,1.7
Saurashtra & Kutch,1927,0,8.8,0.1,0,1.9,52.5,442.1,47.7,55.8,22,3.5,5.1,639.5,8.8,1.9,598.1,30.6
Saurashtra & Kutch,1928,0.6,0,0,0.2,0,4.8,203.4,91.8,88.9,26.9,10.3,0,426.8,0.6,0.2,388.8,37.1
Saurashtra & Kutch,1929,5.1,0,0,3.1,0.5,39.6,268.4,63.2,11.5,7.7,1.3,21.3,421.8,5.1,3.6,382.8,30.3
Saurashtra & Kutch,1930,4.8,0.5,0,0.1,1.8,124.1,225,38.2,38.5,17.1,0,0.1,450.2,5.3,1.8,425.8,17.3
Saurashtra & Kutch,1931,0.2,0.6,0,0.1,3.1,8.1,115,119.2,20.8,60.1,2.5,0,329.7,0.7,3.2,263.1,62.6
Saurashtra & Kutch,1932,0,0,0,0,0.3,16.1,384.1,38.5,18.4,35,0,0,492.5,0,0.3,457.2,35
Saurashtra & Kutch,1933,0,4.5,1.2,11.4,103.9,59.6,220.1,242,107,5.9,2.2,0.2,757.9,4.5,116.4,628.7,8.3
Saurashtra & Kutch,1934,0,0,0.6,0.1,0,161.6,114.9,104.8,11.4,0.9,4,0,398.4,0,0.8,392.7,4.9
Saurashtra & Kutch,1935,11.5,0,0,2.5,0,44.8,353,64.6,42.3,4.9,0,0.4,524.1,11.5,2.5,504.7,5.3
Saurashtra & Kutch,1936,0,3.2,0.4,0,0.2,114.4,87.8,17.3,114.6,0,32.4,0.8,371.1,3.2,0.6,334.1,33.2
Saurashtra & Kutch,1937,0,2.4,0,0,0,117.2,271.4,6,112.2,8.3,0,16.1,533.6,2.4,0,506.8,24.4
Saurashtra & Kutch,1938,0,0,0,0,10,141.4,114.3,59.2,5.3,15.4,0,0.3,346,0,10,320.2,15.7
Saurashtra & Kutch,1939,0,8.6,2.3,0,0,9,62.2,79.5,11.8,4.1,1.9,0,179.4,8.6,2.3,162.5,6
Saurashtra & Kutch,1940,7.2,6.4,6.5,0.1,1.7,111.6,87.6,85.6,23.2,2.2,24.5,0,356.5,13.6,8.3,307.9,26.7
Saurashtra & Kutch,1941,0.5,3.4,0,0.1,0.8,14.4,347.2,13.4,17.1,2.9,0,2,401.8,3.8,0.9,392.2,4.9
Saurashtra & Kutch,1942,1,21,0,0,6,13.2,111.3,146.7,42.9,0,0,0.1,342.2,22,6,314.1,0.1
Saurashtra & Kutch,1943,0.2,0,0,1.8,8.8,62.1,352.7,13.4,71.7,15.8,0.1,0,526.6,0.2,10.6,499.9,15.9
Saurashtra & Kutch,1944,0.9,0,2.1,0,4,70,429.5,196.4,13.1,0.3,0,1.3,717.6,0.9,6.1,708.9,1.6
Saurashtra & Kutch,1945,10,0,0,0.7,0.4,120.9,328.3,102.9,69.1,0.8,0,0,633.1,10,1.1,621.2,0.8
Saurashtra & Kutch,1946,0,0.4,0,0.9,3.2,137.1,134.3,156.5,30.3,1.8,8.2,0.6,473.4,0.4,4.1,458.3,10.6
Saurashtra & Kutch,1947,0,0,0,64.4,0,1.2,79.1,260.4,151.6,2.1,0,0,558.8,0,64.4,492.2,2.1
Saurashtra & Kutch,1948,8.2,0,0,0,0.4,13.4,19.4,74.7,72.6,34,23.5,1.4,247.7,8.2,0.4,180.1,59
Saurashtra & Kutch,1949,0,0.1,0,0,0.9,13.3,236.5,231.8,55.9,3.4,0.3,0,542.3,0.1,0.9,537.6,3.7
Saurashtra & Kutch,1950,0.2,0,0,0,0,3.1,386.8,21,62.5,0,0,0,473.6,0.2,0,473.4,0
Saurashtra & Kutch,1951,0,0,0.8,0.8,1.4,40,128.3,87.7,6.9,0.4,18.8,0,285.2,0,3,263,19.2
Saurashtra & Kutch,1952,0,0.3,0,0.1,1.7,79.1,279.3,32.7,5.6,1.4,0.7,0,400.8,0.3,1.8,396.7,2.1
Saurashtra & Kutch,1953,6.5,0.3,0.3,0,0,66.3,112.1,450.3,69.7,1,0,0,706.6,6.8,0.4,698.4,1
Saurashtra & Kutch,1954,1.9,1.1,3.5,0,0.4,47.6,180.6,207,154.9,0.8,0.5,1.5,599.8,3,3.9,590,2.8
Saurashtra & Kutch,1955,0,0,0.9,0,0.9,26.3,26.5,140.8,181,8.3,0,0.4,385.1,0,1.8,374.6,8.7
Saurashtra & Kutch,1956,0.3,0.2,0,0.2,1.2,81.3,318.8,175.4,100.4,59,1.8,0.4,739.1,0.5,1.4,675.9,61.2
Saurashtra & Kutch,1957,1.7,0,0.1,0.1,1.5,78.6,197.7,90.4,8,1.5,18.1,0.8,398.5,1.7,1.7,374.8,20.3
Saurashtra & Kutch,1958,0.9,0.5,0.3,3.3,0.5,43.5,159.9,80.8,213.9,34.6,10.1,3.4,551.6,1.4,4.1,498.1,48
Saurashtra & Kutch,1959,0.9,0,0,2.2,1.7,66.5,549.1,69,210.2,116.7,4.6,0,1020.9,0.9,4,894.7,121.3
Saurashtra & Kutch,1960,0.1,0,0.5,0,5.9,122.4,132.5,42.9,32.4,0.5,0,0,337.2,0.1,6.4,330.2,0.6
Saurashtra & Kutch,1961,1,7,4.8,0,2,125.9,294,127.2,178.8,12.1,0.2,0,752.9,7.9,6.8,725.9,12.3
Saurashtra & Kutch,1962,0,0,0.7,0.7,2.8,24,136.9,103.2,90.3,0.3,12.7,0.2,371.8,0,4.1,354.4,13.2
Saurashtra & Kutch,1963,0.5,0,1,1.5,0.5,25,83.1,123.6,65.8,45.4,32.5,0.2,379.1,0.5,3,297.5,78.1
Saurashtra & Kutch,1964,0.2,0,0,0,1.6,105.5,168.4,184.9,78.8,0.1,0,0,539.5,0.2,1.6,537.6,0.1
Saurashtra & Kutch,1965,5.5,0,0,0.3,0.2,1.4,285.7,112.1,13.7,0.2,2.1,0,421.3,5.5,0.5,413,2.3
Saurashtra & Kutch,1966,0.2,0,0,0,0.2,74.7,167.3,6.8,76.5,0.7,0.1,0,326.5,0.2,0.2,325.4,0.8
Saurashtra & Kutch,1967,0,0,46.2,0.7,0.2,106.2,467.4,61.2,30.8,0.1,0,25.6,738.6,0,47.1,665.8,25.8
Saurashtra & Kutch,1968,1.1,1,0.9,0,0.6,11,104.9,165.2,24.2,5.1,0.6,0,314.6,2,1.5,305.3,5.8
Saurashtra & Kutch,1969,0,0.2,0,0,0,44.2,176.3,35.5,26.9,0.3,6.4,0.2,290,0.2,0,282.9,6.9
Saurashtra & Kutch,1970,0.1,0.1,0.4,0.2,7.6,70.2,215.7,327.5,196,17.7,0.1,0,835.8,0.2,8.3,809.5,17.8
Saurashtra & Kutch,1971,0.3,0,0,0.3,2,147.1,176.8,134.1,52.2,0.9,0,0,513.6,0.3,2.3,510.1,0.9
Saurashtra & Kutch,1972,0.1,3.4,0,0,0.3,87,98.8,24.9,7.2,0.4,0,0,222.1,3.4,0.3,217.9,0.4
Saurashtra & Kutch,1973,0.8,0.1,0,0,0.5,50.8,177.2,78.6,75.3,7,0,0,390.3,1,0.5,381.9,7
Saurashtra & Kutch,1974,0,0,0,0.2,10.3,16.1,56.4,26.1,45.6,29.6,0,0.4,184.7,0,10.5,144.2,30
Saurashtra & Kutch,1975,0.7,0,0,0,0,101.2,87.5,189.3,200,103.3,0,0,682.1,0.7,0,578.1,103.3
Saurashtra & Kutch,1976,1,0.1,1,0,0,103.7,237.8,188.2,64.8,2.3,26.6,0,625.5,1.1,1.1,594.5,28.9
Saurashtra & Kutch,1977,1,0,0,0,7.7,161,198.2,88.6,98.9,0.9,7.8,0,564.1,1,7.7,546.6,8.8
Saurashtra & Kutch,1978,0,0.7,0,2.5,0,157.4,104.2,170.3,11.1,9.7,32.1,0.5,488.6,0.7,2.5,443.1,42.3
Saurashtra & Kutch,1979,0,3.3,0,0,0.1,143.5,34.7,634,37,12.2,89.7,1,955.4,3.3,0.1,849.1,102.8
Saurashtra & Kutch,1980,0.3,0.2,0,0,0,321.8,231.6,58.1,15.1,0.1,0.9,7.8,635.8,0.4,0,626.6,8.8
Saurashtra & Kutch,1981,0.7,0,0,0,0.7,46,284.5,163.8,89.5,32.8,87,0,705,0.7,0.8,583.7,119.8
Saurashtra & Kutch,1982,0.1,0,0,0.3,20.5,5.2,136.7,114.1,16.9,0.7,106.7,0,401.3,0.1,20.8,272.9,107.4
Saurashtra & Kutch,1983,0.2,0.1,0,1.3,0.5,210.2,211.8,246.3,67.8,20.3,0,0,758.4,0.3,1.7,736.1,20.3
Saurashtra & Kutch,1984,0,0,0,0,0,57.7,116.7,153.2,116.1,0,0,0,443.7,0,0,443.7,0
Saurashtra & Kutch,1985,0,0,0,0,5.1,12,103.3,118.6,17.7,42.1,0,0,298.8,0,5.1,251.6,42.1
Saurashtra & Kutch,1986,0,0,0.2,0,2.2,167.8,30.4,93,4.8,0,0,0.1,298.5,0,2.3,296,0.1
Saurashtra & Kutch,1987,0,0,0.4,0,0.1,31.4,18.4,33.5,2.1,0.1,3.2,3.3,92.7,0,0.5,85.5,6.6
Saurashtra & Kutch,1988,0,0,0,1.1,0.1,12.7,495.8,110.8,131,0.8,0,0,752.3,0,1.1,750.3,0.8
Saurashtra & Kutch,1989,1.8,0,0.2,0,0,134.5,256.6,60.6,41.3,3.1,0,0,498.2,1.8,0.2,493.1,3.1
Saurashtra & Kutch,1990,0,2.3,0.4,0,5.9,32.9,16.9,259.4,70.1,18.8,0.1,1.1,407.9,2.3,6.3,379.3,20
Saurashtra & Kutch,1991,0,0,0,0,0,13.3,155.6,44.2,5.4,0,0,0.3,218.7,0,0,218.4,0.3
Saurashtra & Kutch,1992,1.8,0.2,0,0,0.1,45.1,343.2,111.9,88.7,9.5,0.2,0,600.7,2,0.1,588.9,9.7
Saurashtra & Kutch,1993,1.5,4.8,0,0,0,41.4,140.6,4,70.1,30.5,17.2,2.5,312.7,6.4,0,256.2,50.1
Saurashtra & Kutch,1994,1,0,0,0,0,99.4,403.1,137.5,231.6,0.2,0,0,872.8,1,0,871.6,0.2
Saurashtra & Kutch,1995,0,0,0.2,0,0,3,259.1,45.4,42.5,23.9,0,0,374.1,0,0.2,350,23.9
Saurashtra & Kutch,1996,0.4,0,0,0.1,0,137.1,162.1,23.9,11.8,39,0,0,374.4,0.4,0.2,334.9,39
Saurashtra & Kutch,1997,0.8,0,0.6,0.3,3,189.8,137.4,95.7,170.7,1.9,0,0,600.2,0.8,3.9,593.7,1.9
Saurashtra & Kutch,1998,0,0,0,0,0,109.1,149.6,94.4,62.1,150,1.6,0,566.9,0,0,415.2,151.6
Saurashtra & Kutch,1999,1.3,10.5,0,0,131.9,60.6,42.3,17.4,23.9,92.9,0,0,380.7,11.8,131.9,144.2,92.9
Saurashtra & Kutch,2000,0,0,0,0,2.9,5.4,224.7,46.2,4.5,2.2,0,0.1,286.1,0,2.9,280.9,2.3
Saurashtra & Kutch,2001,0,0,0,0.2,0.9,172.9,191.1,116.9,20.6,7.6,0,0,510.2,0,1,501.5,7.6
Saurashtra & Kutch,2002,0,0,0,0,0,166.4,8,117.5,15.1,0.2,0.2,0.6,308.1,0,0,307,1
Saurashtra & Kutch,2003,0,0.4,0,0,0,68.2,402.2,190.7,21.7,3,0,0,686.2,0.4,0,682.7,3
Saurashtra & Kutch,2004,0.2,0,0,0,13.6,95,90,227.7,36.1,19.7,0,0,482.2,0.2,13.6,448.6,19.8
Saurashtra & Kutch,2005,0,0,0,0.2,0.2,201.2,126.7,68.4,233.1,1.7,0,0,631.6,0,0.4,629.4,1.7
Saurashtra & Kutch,2006,0,0,1.9,0,0,66.2,373.4,189.8,68.2,1.4,0.3,0.6,701.8,0,1.9,697.7,2.3
Saurashtra & Kutch,2007,0,1.9,0.1,0,0.2,114.1,209.2,405.4,157,1.7,1.2,0,890.7,1.9,0.3,885.7,2.8
Saurashtra & Kutch,2008,0.1,0.1,0.1,0.5,0,96,150.3,115.1,231.6,5.8,0.6,7.7,607.9,0.2,0.6,593,14.1
Saurashtra & Kutch,2009,0,0,0,0,0,68.1,409.1,106,8.8,3.3,1.5,0,596.9,0,0.1,592,4.9
Saurashtra & Kutch,2010,0.1,0,0,0,0.1,71.1,393.8,391.3,187.6,11.6,64.3,0,1119.9,0.1,0.1,1043.7,75.9
Saurashtra & Kutch,2011,0,1.4,0,0,0,26,212.7,290.9,210.1,1.2,0.1,0,742.5,1.4,0,739.8,1.3
Saurashtra & Kutch,2012,0,0,0,0.2,0.1,22.4,34.7,34.5,228.5,2.4,0,1,323.8,0,0.2,320.1,3.4
Saurashtra & Kutch,2013,1.7,0.2,0.1,8.5,0.1,127.7,171.2,83.3,260.2,28.6,0,0,681.8,1.9,8.7,642.5,28.6
Saurashtra & Kutch,2014,0.3,0,0.1,0.5,2.1,17.3,137.7,118.8,99.2,5.2,2.7,0,383.9,0.3,2.7,373,7.8
Saurashtra & Kutch,2015,0.9,0,4.4,2.1,0.8,112.6,226.7,10.6,79.9,3.3,0.3,0,441.7,0.9,7.4,429.8,3.6
Saurashtra & Kutch,2016,0,0,0.3,0,1.1,31.3,110,216,59.6,64.7,0,0,482.9,0,1.3,416.9,64.7
Saurashtra & Kutch,2017,0.1,0,0,0,0.1,81.8,368.6,153.5,41.8,4.8,0,1.3,652.1,0.1,0.1,645.8,6.1
